Celebrity name,IG profile,fb profile,Twitter profile,Gender,Age,DOB,Ethnicity,Interest,Sexual orientation,Current city
Cristiano Ronaldo,https://www.instagram.com/cristiano,https://www.facebook.com/Cristiano,https://twitter.com/Cristiano?ref_src=twsrc%5Egoogle%7Ctwcamp%5Eserp%7Ctwgr%5Eauthor,M,36.0,05/02/1985,Caucasian,Sport,Heterosexual,Manchester
"Dwayne Johnson,https://www.instagram.com/therock,https://www.facebook.com/DwayneJohnson,https://twitter.com/therock,M,49,02/05/1972,African American,""Sport, Acting"",Heterosexual,Los Angeles",,,,,,,,,,
Lionel Messi,https://www.instagram.com/leomessi,https://www.facebook.com/leomessi,https://twitter.com/wearemessi,M,34.0,24/06/1987,Caucasian,Sport,Heterosexual,Barcellona
"Justin Bieber,https://www.instagram.com/justinbieber,https://www.facebook.com/JustinBieber,https://twitter.com/justinbieber,M,27,01/03/1994,Caucasian,""Music, Acting"",Heterosexual,Brooklyn",,,,,,,,,,
Neymar jr,https://www.instagram.com/neymarjr,https://www.facebook.com/neymarjr,https://twitter.com/neymarjr,M,29.0,5/2/1992,African American,Sport,Heterosexual,Bougival (FR)
"Kevin Hart,https://www.instagram.com/kevinhart4real,https://www.facebook.com/hartkevin,https://twitter.com/kevinhart4real,M,42,6/7/1979,African American,""Acting, comedian"",Heterosexual,California",,,,,,,,,,
Virat Kohli,https://www.instagram.com/virat.kohli,https://www.facebook.com/virat.kohli,https://twitter.com/imvkohli,M,33.0,5/11/1988,Indian,Sport,Heterosexual,Mumbai
Lebron James,https://www.instagram.com/kingljames,https://www.facebook.com/LeBron,https://twitter.com/kingjames,M,36.0,30/12/1984,African American,Sport,Heterosexual,Beverly hills
"Aubrey Drake Graham,https://www.instagram.com/champagnepapi,https://www.facebook.com/DrakefanclubIT,https://twitter.com/Drake,M,35,24/10/1986,African American,""Acting, Music"",Heterosexual,Toronto",,,,,,,,,,
"Vin Diesel,https://www.instagram.com/vindiesel,https://www.facebook.com/VinDiesel,https://twitter.com/vindiesel,M,54,18/06/1967,Caucasian,""Acting, Music, Sport"",Heterosexual,Hollywood",,,,,,,,,,
David Beckham,https://www.instagram.com/davidbeckham,https://www.facebook.com/Beckham,https://twitter.com/davibeckham24x7,M,46.0,2/5/1975,caucasian,Sport,Heterosexual,London
"Justin Timberlake,https://www.instagram.com/gigihadid,https://www.facebook.com/justintimberlake,https://twitter.com/jtimberlake,M,40,31/05/1981,caucasian,""Music, Dance, acting"",Heterosexual,Hollywood",,,,,,,,,,
"Shawn Mendes,https://www.instagram.com/shawnmendes,https://www.facebook.com/ShawnMendesOfficial,https://twitter.com/shawnmendes,M,23,8/8/1998,caucasian,""music, fashion"",Heterosexual,Los Angeles",,,,,,,,,,
MALUMA,https://www.instagram.com/maluma,https://www.facebook.com/MALUMAMUSIK,https://twitter.com/maluma,M,27.0,28/01/1994,caucasian,Music,Heterosexual,Medellin (colombia)
"snoopdogg,https://www.instagram.com/snoopdogg,https://www.facebook.com/snoopdogg,https://twitter.com/snoopdogg,M,50,20/10/1971,African American,""Music, Acting"",Heterosexual, Los angeles",,,,,,,,,,
Ronaldo de Assis Moreira,https://www.instagram.com/ronaldinho,https://www.facebook.com/ronaldinho,https://twitter.com/10ronaldinho,M,41.0,21/3/1980,African American,Sport,Heterosexual,Porto Alegre (Brazil)
Narendra Modi,https://www.instagram.com/narendramodi.club,https://www.google.com/search?q=narendra+modi+facebook&sxsrf=AOaemvKX9x5vq_cRsGu6KEHSyx6zGuwtwA%3A1633984085383&ei=VZ5kYf7sFsSWsAefp7rQBA&oq=narendra+modi+facebook&gs_lcp=Cgdnd3Mtd2l6EAEYATIFCAAQywEyBQgAEMsBMgUIABDLATIFCAAQywEyBQgAEMsBMgUIABDLATIFCAAQywEyBQgAEMsBMgUIABDLATIFCAAQywE6BwgjELADECc6BwgAEEcQsAM6EAguEMcBENEDEMgDELADEEM6CgguEMgDELADEEM6BQguEMsBSgUIOBIBMUoECEEYAFCYDliPF2CIJGgCcAJ4AIABe4gBwgKSAQMxLjKYAQCgAQHIAQ7AAQE&sclient=gws-wiz,https://twitter.com/narendramodi,M,71.0,17/9/1950,Indian,Politics,Heterosexual,New Delhi
"Raffi Ahmad,https://www.instagram.com/raffinagita1717/,,https://twitter.com/raffiahmadlagi,M,34,17/02/1987,Indian,""Acting, Music"",Heterosexual,Jakarta",,,,,,,,,,
"Whindersson Nunes,https://www.instagram.com/whinderssonnunes,https://www.facebook.com/whinderssonnunesoficial,https://twitter.com/whindersson,M,26,05/01/1995,caucasian,""Acting, Music"",Heterosexual,Brasil",,,,,,,,,,
Robert Downey Jr,https://www.instagram.com/robertdowneyjr,https://www.facebook.com/robertdowneyjr,https://twitter.com/robertdowneyjr,M,56.0,4/4/1965,Caucasian,Acting,Heterosexual,Malibu
Akshay Kumar,https://www.instagram.com/akshaykumar,https://www.facebook.com/akshaykumarofficial,https://twitter.com/akshaykumar,M,54.0,9/9/1967,Indian,Acting,Heterosexual,Mumbai
Leonardo DiCaprio,https://www.instagram.com/leonardodicaprio,https://www.facebook.com/LeonardoDiCaprio,https://twitter.com/leodicaprio?lang=it,M,46.0,11/11/1974,Caucasian,Acting,Heterosexual,Los Angeles
Chris Hemsworth,https://www.instagram.com/chrishemsworth,https://www.facebook.com/chrishemsworth,https://twitter.com/chrishemsworth,M,38.0,11/08/1983,Caucasian,Acting,Heterosexual,Byron Bay (australia)
Zlatan Ibrahimovic,https://www.instagram.com/iamzlatanibrahimovic,https://www.facebook.com/10Jamesrodriguez,https://twitter.com/Ibra_official?ref_src=twsrc%5Egoogle%7Ctwcamp%5Eserp%7Ctwgr%5Eauthor,M,40.0,3/10/1981,Caucasian,Sport,Heterosexual,Milan
James Rodriguez,https://www.instagram.com/jamesrodriguez10,https://www.facebook.com/10Jamesrodriguez,https://twitter.com/jamesdrodriguez,M,30.0,12/7/1991,Other(colombia),Sport,Heterosexual,Madrid
Marcelo Vieira Jr,https://www.instagram.com/marcelotwelve,https://m.facebook.com/profile.php?id=100007967251304,https://twitter.com/marcelom12,M,33.0,12/5/1988,Other(brazil),Sport,Heterosexual,Madrid
J Balvin,https://www.instagram.com/jbalvin,https://www.facebook.com/JBalvinOficial,https://twitter.com/jbalvin,M,36.0,7/5/1985,Other(colombia),Music,Heterosexual,Colombia
"Zac Efron,https://www.instagram.com/zacefron,https://www.facebook.com/ZacEfron,https://twitter.com/zacefron,M,34,18/10/1987,Caucasian,""Acting, Music"",Heterosexual,Australia",,,,,,,,,,
"Will Smith,https://www.instagram.com/iwillsmith,https://www.facebook.com/WillSmith/,https://twitter.com/willsmith,M,53,25/9/1968,African American,""Acting, Music"",Heterosexual,California",,,,,,,,,,
Gareth Bale,https://www.instagram.com/garethbale11,https://www.facebook.com/Bale,https://twitter.com/garethbale11,M,32.0,16/7/1989,caucasian,Sport,Heterosexual,Madrid
Sergio Ramos,https://www.instagram.com/sergioramos,https://www.facebook.com/SergioRamosOficial,https://twitter.com/sergioramos,M,35.0,30/3/1986,caucasian,Sport,Heterosexual,Madrid
Paul Labile Pogba,https://www.instagram.com/paulpogba,https://www.facebook.com/PaulPogba,https://twitter.com/paulpogba,M,28.0,15/3/1993,African American,Sport,Heterosexual,Manchester
"Daddy Yankee,https://www.instagram.com/daddyyankee,https://www.facebook.com/daddyyankee,https://twitter.com/daddy_yankee,M,45,3/2/1976,other(portorico),""Music, Acting"",Heterosexual,Puerto Rico",,,,,,,,,,
Paulo Dybala,https://www.instagram.com/paulodybala,https://www.facebook.com/paulodybala,https://twitter.com/paudybala_jr?lang=it,M,27.0,15/11/1993,other(Argentina),Sport,Heterosexual,Turin
Kylian Mbappe,https://www.instagram.com/k.mbappe,https://www.facebook.com/kylianmbappeofficiel,https://twitter.com/kmbappe,M,22.0,20/12/1998,African American,Sport,Heterosexual,Paris
Luis Suarez,https://www.instagram.com/luissuarez9,https://www.facebook.com/LuisSuarez9,https://twitter.com/luissuarez9,M,34.0,24/1/1987,other(uruguay),Sport,Heterosexual,castelldefels (Spain)
Zayn Malik,https://www.instagram.com/zradfordboy,https://www.facebook.com/zayn,https://twitter.com/zaynmalik,M,28.0,12/1/1993,caucasian,Music,Heterosexual,New York
Conor McGregor,https://www.instagram.com/thenotoriousmma,https://www.facebook.com/thenotoriousmma,https://twitter.com/thenotoriousmma,M,33.0,14/7/1988,caucasian,Sport,Heterosexual,Ireland
Salman Khan,https://www.instagram.com/everythingsalman,https://www.facebook.com/BeingSalmanKhan,https://twitter.com/beingsalmankhan,M,55.0,27/12/1965,indian,Acting,Heterosexual,Mumbai
Mohamed salah,https://www.instagram.com/mosalah,https://www.facebook.com/momosalah,https://twitter.com/mosalah,M,29.0,15/6/1992,other(Egypt),Sport,Heterosexual,Egypt
Gusttavo Lima,https://www.instagram.com/gusttavolima,https://www.facebook.com/gusttavolimaoficial,https://twitter.com/gusttavo_lima,M,32.0,3/9/1989,caucasian,Music,Heterosexual,goias (Brazil)
Karim Benzema,https://www.instagram.com/karimbenzema,,,M,33.0,19/12/1987,caucasian,sport,Heterosexual,Madrid
harry styles,https://www.instagram.com/harrystyles,https://www.facebook.com/harrystyles,https://twitter.com/harry_styles,M,27.0,1/2/1994,caucasian,music,bisexual,Hollywood
Ryan Reynolds,https://www.instagram.com/vancityreynolds,https://www.facebook.com/VancityReynolds,https://twitter.com/vancityreynolds,M,45.0,23/10/1976,caucasian,Acting,Heterosexual,Los Angeles
Andres Iniesta,https://www.instagram.com/andresiniesta8,https://www.facebook.com/AndresIniesta,https://twitter.com/andresiniesta8,M,37.0,11/5/1984,caucasian,Sport,Heterosexual,Spain
"Tom Holland,https://www.instagram.com/tomholland2013,https://www.facebook.com/RealTomHolland,https://twitter.com/tomholland1996,M,25,1/6/1996,caucasian,""Acting, Dance"",Heterosexual,London",,,,,,,,,,
Ranveer Singh,https://www.instagram.com/ranveersingh,https://www.facebook.com/RanveerSinghOfficial,https://twitter.com/ranveerofficial,M,36.0,6/7/1985,indian,Acting,Heterosexual,Mumbai
Barack Obama,https://www.instagram.com/barackobama,https://www.facebook.com/barackobama,https://twitter.com/barackobama,M,60.0,4/8/1961,African American,Politics,Heterosexual,Washington DC
Varun Dhawan,https://www.instagram.com/varundvn,https://www.facebook.com/VarunDhawan.co,https://twitter.com/varun_dvn,M,34.0,24/4/1987,indian,Acting,Heterosexual,Mumbai
Cole Sprouse,https://www.instagram.com/camera_duels,https://www.facebook.com/ColeSprouseFeed/,https://twitter.com/colesprouse,M,29.0,4/8/1992,caucasian,Acting,Heterosexual,California
Hrithik Roshan,https://www.instagram.com/hrithikroshan,https://www.facebook.com/hrithikroshan,https://twitter.com/ihrithik,M,47.0,10/1/1974,Indian,Acting,Heterosexual,Mumbai
Nusr_etSaltbae,https://www.instagram.com/nusr_et,https://www.facebook.com/realsaltbae/,https://twitter.com/nusr_et,M,38.0,9/8/1983,Caucasian,Cooking,Heterosexual,Instanbul
Wardell Curry,https://www.instagram.com/stephencurry30,https://www.facebook.com/ajd.tirrex,https://twitter.com/wardellscurry30,M,33.0,14/3/1988,African American,Sport,Heterosexual,North Carolina
Dan Bilzerian,https://www.instagram.com/danbilzerian,https://www.facebook.com/danbilzerianofficial,https://twitter.com/danbilzerian,M,40.0,7/12/1980,Caucasian,Sport,Heterosexual,California
Wesley Safadao,https://www.instagram.com/wesleysafadao,https://www.facebook.com/WesleySafadao,https://twitter.com/wesleysafadao,M,33.0,6/9/1988,Caucasian,Music,Heterosexual,Brasil
Antoine Griezmann,https://www.instagram.com/antogriezmann,https://www.facebook.com/AntoGriezmann,https://twitter.com/antogriezmann,M,30.0,21/3/1991,Caucasian,Sport,Heterosexual,Madrid
Wiz Khalifa,https://www.instagram.com/wizkhalifa,https://www.facebook.com/wizkhalifa,https://twitter.com/wizkhalifa,M,34.0,8/9/1987,African American,Music,heterosexual,Pittsburgh
Marshall Mathers,https://www.instagram.com/eminem,https://www.facebook.com/eminem,https://twitter.com/eminem,M,49.0,17/10/1972,Caucasian,Music,heterosexual,Michigan
Ed Sheeran,https://www.instagram.com/teddysphotos,https://www.facebook.com/EdSheeranMusic,https://twitter.com/edsheeran,M,30.0,17/2/1991,Caucasian,Music,heterosexual,London
Dani Alves,https://www.instagram.com/danialves,https://www.facebook.com/DaniAlvesD2/,https://twitter.com/danialvesd2,M,38.0,6/5/1983,Other(brazil),Sport,heterosexual,San Paolo
Joko Widodo,https://www.instagram.com/jokowi,https://www.facebook.com/Jokowi,https://twitter.com/jokowi,M,60.0,21/6/1961,Asian,Politics,heterosexual,Indonesia
Ruben Onsu,https://www.instagram.com/ruben_onsu,https://www.facebook.com/rubenonsuofficial,https://twitter.com/ruben_onsu,M,38.0,15/8/1983,Asian,Acting,heterosexual,Indonesia
Nick Jonas,https://www.instagram.com/nickjonas,https://www.facebook.com/nickjonas,https://twitter.com/nickjonas,M,29.0,16/9/1992,Caucasian,Music,heterosexual,Hollywood
chris pratt,https://www.instagram.com/prattprattpratt,https://www.facebook.com/PrattPrattPratt,https://twitter.com/prattprattpratt,M,42.0,21/6/1979,Caucasian,Acting,heterosexual,Los Angeles
Christopher Comstock,https://www.instagram.com/marshmellomusic,https://www.facebook.com/marshmellomusic,https://twitter.com/marshmellomusic,M,29.0,19/5/1992,Caucasian,Music,heterosexual,Los Angeles
Shahid Kapoor,https://www.instagram.com/shahidkapoor,https://www.facebook.com/shahidkapoor,https://twitter.com/shahidkapoor,M,40.0,25/2/1981,Indian,Acting,Heterosexual,Mumbai
"Kapil Sharma,https://www.instagram.com/kapilsharma,https://www.facebook.com/Kapilsharmapunj,https://twitter.com/kapilsharmak9?lang=en,M,40,2/4/1981,Indian,""Acting, comedian"",Heterosexual,Mumbai",,,,,,,,,,
Luan Santana,https://www.instagram.com/luansantana,https://www.facebook.com/luansantana,https://twitter.com/luansantana,M,30.0,13/3/1991,Other(brazil),Music,Heterosexual,Brasil
Hugh Jackman,https://www.instagram.com/thehughjackman,https://www.facebook.com/HughJackman,https://twitter.com/realhughjackman,M,53.0,12/10/1968,Caucasian,Acting,Heterosexual,Australia
Travis Scott,https://www.instagram.com/travisscott/,https://www.facebook.com/travisscottlaflame,https://twitter.com/trvisxx,M,29.0,30/4/1992,African American,Music,Heterosexual,Los Angeles
Zinedine Zidane,https://www.instagram.com/zidane,https://www.facebook.com/profile.php?id=100044959302957,https://twitter.com/officialzzidane,M,49.0,23/6/1972,Caucasian,Sport,Heterosexual,Spain
Sachin Tendulkar,https://www.instagram.com/sachintendulkar,https://www.facebook.com/SachinTendulkar/,https://twitter.com/sachin_rt,M,48.0,24/4/1973,Indian,Sport,Heterosexual,mumbai
Eden Hazard,https://www.instagram.com/hazardeden_10,https://www.facebook.com/edenhazard,https://twitter.com/hazardeden10,M,30.0,7/1/1991,Caucasian,Sport,Heterosexual,London
Niall Horan,https://www.instagram.com/niallhoran,https://www.facebook.com/Niallofficial,https://twitter.com/niallofficial,M,28.0,13/9/1993,Caucasian,Music,Heterosexual,Los Angeles
Toni Kroos,https://www.instagram.com/toni.kr8s,https://www.facebook.com/tonikroos,https://twitter.com/tonikroos,M,31.0,4/1/1990,Caucasian,Sport,Heterosexual,Madrid
Jordan clarksons,https://www.instagram.com/jordanclarksons,https://www.facebook.com/OfficialJordanClarkson,https://twitter.com/jordanclarksons,M,29.0,7/6/1992,African American,Sport,Heterosexual,Los Angeles
50 cent,https://www.instagram.com/50cent,https://www.facebook.com/50cent,https://twitter.com/50cent,M,46.0,6/7/1975,African American,Music,Heterosexual,Connecticut
"Jason Statham,https://www.instagram.com/jasonstatham,https://www.facebook.com/JasonStatham,https://twitter.com/realjstatham,M,54,26/7/1967,Caucasian,""Acting, sport"",Heterosexual,Los Angeles",,,,,,,,,,
Kevinho,https://www.instagram.com/kevinho,https://www.facebook.com/oficialkevinho,https://twitter.com/kevinho,M,23.0,16/9/1998,Other(brazil),Music,heterosexual,Brasil
Floyd Mayweather,https://www.instagram.com/floydmayweather,https://www.facebook.com/floydmayweather,https://twitter.com/floydmayweather,M,44.0,24/2/1977,African American,Sport,heterosexual,Las Vegas
"ivan gunawan,https://www.instagram.com/ivan_gunawan,https://www.facebook.com/FashionGuruIvanGunawan/,https://twitter.com/ivangunawan1981,M,39,31/12/1981,asian,""Acting, Fashion"",homosexual,Jakarta",,,,,,,,,,
"Scott Disick,https://www.instagram.com/letthelordbewithyou,https://www.facebook.com/scottdisick/,https://twitter.com/scottdisick,M,38,26/5/1983,Caucasian,""Fashion, Acting"",heterosexual,Los Angeles",,,,,,,,,,
Donald J Trump,https://www.instagram.com/realdonaldtrump,https://www.facebook.com/DonaldTrump/,https://twitter.com/donaldtrump,M,75.0,14/6/1946,Caucasian,Politics,heterosexual,Florida
Shah Rukh Khan,https://www.instagram.com/iamsrk,https://www.facebook.com/IamSRK,https://twitter.com/iamsrk,M,56.0,2/11/1965,Indian,Acting,heterosexual,Delhi
Zach King,https://www.instagram.com/zachking,https://www.facebook.com/ZachKingVine,https://twitter.com/zachking,M,30.0,4/2/1991,Other,Movie,heterosexual,Los Angeles
Mesut Ozil,https://www.instagram.com/m10_official,https://www.facebook.com/mesutoezil,https://twitter.com/mesutozil1088?lang=it,M,33.0,15/10/1988,Other,Sport,heterosexual,London
DJ KHALED,https://www.instagram.com/djkhaled,https://www.facebook.com/officialdjkhaled,https://twitter.com/djkhaled,M,45.0,26/11/1975,Other,Music,heterosexual,Los Angeles
M S Dhoni,https://www.instagram.com/mahi7781,https://www.facebook.com/MSDhoni,https://twitter.com/msdhoni,M,40.0,7/7/1981,Indian,Sport,heterosexual,india
Bruno Mars,https://www.instagram.com/brunomars,https://www.facebook.com/brunomars/,https://twitter.com/brunomars,M,36.0,8/10/1985,Other,Music,heterosexual,Los Angeles
Liam Payne,https://www.instagram.com/liampayne,https://www.facebook.com/LiamPayne,https://twitter.com/liampayne,M,28.0,29/8/1993,Caucasian,Music,heterosexual,England
Sebastian Yatra,https://www.instagram.com/sebastianyatra,https://www.facebook.com/OficialSebastianYatra,https://twitter.com/sebastianyatra?lang=it,M,27.0,15/10/1994,Other(colombia),Music,heterosexual,Miami
Philippe Coutinho,https://www.instagram.com/phil.coutinho,,,M,29.0,12/6/1992,Other(brazil),Sport,heterosexual,Barcellona
Tiger Shroff,https://www.instagram.com/tigerjackieshroff,https://www.facebook.com/TigerShroff,https://twitter.com/itigershroff,M,31.0,2/3/1990,indian,Acting,heterosexual,mumbai
Rodrigo Faro,https://www.instagram.com/rodrigofaro,https://www.facebook.com/RodrigoHoradoFaro,https://twitter.com/rodrigofaro,M,48.0,20/10/1973,caucasian,Acting,heterosexual,Brasil
PewDiePie,https://www.instagram.com/pewdiepie/,https://www.facebook.com/PewDiePie/,https://twitter.com/pewdiepie,M,32.0,24/10/1989,caucasian,Youtuber/acting,heterosexual,england
Arnold Schwarzenegger,https://www.instagram.com/schwarzenegger,https://www.facebook.com/arnold,https://twitter.com/schwarzenegger,M,74.0,30/7/1947,caucasian,Acting,heterosexual,California
SEHUN,https://www.instagram.com/oohsehun/,https://www.facebook.com/SeHun.EXO,https://twitter.com/___oohsehun,M,27.0,12/4/1994,asian,Music,heterosexual,Seoul
Cameron Dallas,https://www.instagram.com/camerondallas,https://www.facebook.com/camerondallas,https://twitter.com/camerondallas,M,27.0,8/9/1994,caucasian,Acting,heterosexual,California
Meek Mill,https://www.instagram.com/meekmill,https://www.facebook.com/MeekMill/,https://twitter.com/meekmill,M,34.0,6/5/1987,African American,Music,heterosexual,Beverly hills
Kobe Bryant,https://www.instagram.com/kobebryant,https://www.facebook.com/Kobe/?ref=page_internal,https://twitter.com/kobebryant,M,43.0,23/8/1978,African American,Sport,heterosexual,California
Robert Lewandowski,https://www.instagram.com/_rl9,https://www.facebook.com/rl9official/,https://twitter.com/lewy_official,M,33.0,21/8/1988,caucasian,Sport,heterosexual,Germany
King Bach,https://www.instagram.com/kingbach,https://www.facebook.com/KingBach,https://twitter.com/kingbach,M,33.0,26/6/1988,African American,Acting,heterosexual,Los Angeles
BaekHyun,https://www.instagram.com/baekhyunee_exo,https://www.facebook.com/exokbyunbaekhyun,https://twitter.com/b_hundred_hyun,M,29.0,6/5/1992,asian,Music,heterosexual,south korea
Isco Alarcon Suarez,https://www.instagram.com/iscoalarcon,https://www.facebook.com/isco.alarcon.94849,https://twitter.com/isco_alarcon,M,29.0,21/4/1992,caucasian,Sport,heterosexual,Madrid
Khabib Nurmagomedov,https://www.instagram.com/khabib_nurmagomedov,https://www.facebook.com/KhabibTheEagle/,https://twitter.com/teamkhabib,M,33.0,20/9/1988,caucasian,Sport,heterosexual,Russia
"Gianluca Vacchi,https://www.instagram.com/gianlucavacchi,https://www.facebook.com/gianlucavacchiofficialpage,https://twitter.com/gianluca_vacchi,M,54,5/8/1967,caucasian,""Acting, Music"",heterosexual,Italy",,,,,,,,,,
Luciano Huck,https://www.instagram.com/lucianohuck,https://www.facebook.com/LucianoHuck,https://twitter.com/lucianohuck,M,50.0,3/9/1971,caucasian,Acting,heterosexual,Brasil
Bruno Gagliasso,https://www.instagram.com/brunogagliasso,https://www.facebook.com/brunogagliasso,https://twitter.com/brunogagliasso,M,39.0,13/4/1982,caucasian,Acting,heterosexual,Brasil
Ice Cube,https://www.instagram.com/icecube,https://www.facebook.com/IceCube/,https://twitter.com/icecube,M,52.0,15/6/1969,African American,Music,heterosexual,California
"fabio de melo,https://www.instagram.com/pefabiodemelo,https://www.facebook.com/PadreFabiodeMelo,https://twitter.com/pefabiodemelo,M,50,3/4/1971,caucasian,""Art, Acting"",,Brasil",,,,,,,,,,
Finn Wolfhard,https://www.instagram.com/finnwolfhardofficial,https://www.facebook.com/FinnWolfhardOfficial/,https://twitter.com/fwolfhardupdate,M,18.0,23/12/2002,caucasian,Acting,heterosexual,Vancouver
Alok,https://www.instagram.com/alok,https://www.facebook.com/livealok,https://twitter.com/alokoficial,M,30.0,26/8/1991,caucasian,Music,heterosexual,Brasil
Noah Centineo,https://www.instagram.com/ncentineo,,,M,25.0,9/5/1996,caucasian,Acting,heterosexual,Los Angeles
ian somerhalder,https://www.instagram.com/iansomerhalder,https://www.facebook.com/iansomerhalderofficial,https://twitter.com/iansomerhalder,M,42.0,8/12/1978,caucasian,Acting,heterosexual,Covingto (USA)
David Luiz,https://www.instagram.com/davidluiz_4,https://www.facebook.com/DavidLuizOfficial,https://twitter.com/davidluiz_4,M,34.0,22/4/1987,Other(brazil),Sport,heterosexual,London
Caio Castro,https://www.instagram.com/caiocastro,https://www.facebook.com/caiocastrooficial/,https://twitter.com/caiocastro,M,32.0,22/1/1989,Other(brazil),Acting,heterosexual,Brazil
Brent Rivera,https://www.instagram.com/brentrivera,https://www.facebook.com/brentrivera,https://twitter.com/brentrivera,M,23.0,9/1/1998,caucasian,Acting,heterosexual,California
Luisito Comunica,https://www.instagram.com/luisitocomunica,https://www.facebook.com/LuisitoComunica,https://twitter.com/luisitocomunica,M,30.0,20/3/1991,other(mexico),Youtuber/acting,heterosexual,Venezuela
OZUNA,https://www.instagram.com/ozuna,https://www.facebook.com/ozunapr,https://twitter.com/ozuna,M,29.0,13/3/1992,African American,Acting/Music,heterosexual,Miami
Logan Paul,https://www.instagram.com/loganpaul,https://www.facebook.com/LoganPaul/,https://twitter.com/loganpaul,M,26.0,1/4/1995,caucasian,Acting/youtuber,heterosexual,Los Angeles
Jimmy Fallon,https://www.instagram.com/jimmyfallon,https://www.facebook.com/JimmyFallon,https://twitter.com/jimmyfallon,M,47.0,9/9/1974,caucasian,Acting/Music,heterosexual,manhattan
Gerard Pique,https://www.instagram.com/3gerardpique,https://www.facebook.com/3GerardPique,https://twitter.com/3gerardpique,M,34.0,2/2/1987,caucasian,Sport,heterosexual,Madrid
Luka Modric,https://www.instagram.com/lukamodric10,https://www.facebook.com/ModricLuka10,https://twitter.com/lukamodric10,M,36.0,9/9/1985,caucasian,Sport,heterosexual,Madrid
Romeo Santos,https://www.instagram.com/romeosantos,https://www.facebook.com/RomeoSantosOfficial,https://twitter.com/romeosantospage,M,40.0,21/7/1981,African American,Music,heterosexual,Los Angeles
Ronaldo,https://www.instagram.com/ronaldo,https://www.facebook.com/ronaldo,https://twitter.com/ronaldo,M,45.0,18/9/1976,Other(brazil),Sport,heterosexual,Brazil
James Charles,https://www.instagram.com/jamescharles,https://www.facebook.com/JamesCharles/,https://twitter.com/jamescharles,M,22.0,23/5/1999,caucasian,Model/youtuber,homosexual,Los Angeles
Lil Pump Jetski,https://www.instagram.com/lilpump,https://www.facebook.com/lilpumpofficial,https://twitter.com/lilpump,M,21.0,17/8/2000,other,Music,heterosexual,Miami
Hugo Gloss,https://www.instagram.com/hugogloss,https://www.facebook.com/HugoGloss/,https://twitter.com/hugogloss,M,35.0,27/11/1985,Other(brazil),Journalism/youtuber/acting,,Brazil
Mark Ruffalo,https://www.instagram.com/markruffalo,https://www.facebook.com/MarkRuffalo,https://twitter.com/markruffalo,M,53.0,22/11/1967,caucasian,Acting,heterosexual,Hollywood
dwyanewade,https://www.instagram.com/dwyanewade,https://www.facebook.com/dwyanewade,https://twitter.com/dwyanewade,M,39.0,17/1/1982,African American,Sport,heterosexual,Miami
Ivan Rakitic,https://www.instagram.com/ivanrakitic,https://www.facebook.com/rakitic.ivan.official,https://twitter.com/ivanrakitic,M,33.0,10/3/1988,caucasian,Sport,heterosexual,Barcellona
Louis Tomlinson,https://www.instagram.com/louis_tomlinson,https://www.facebook.com/louis.tomlinson,https://twitter.com/louis_tomlinson,M,30.0,24/1/1991,caucasian,Music,heterosexual,Los Angeles
Verrell Bramasta Fadilla,https://www.instagram.com/bramastavrl,,https://twitter.com/bramastaverrell,M,25.0,11/9/1996,asian,Acting,heterosexual,Indonesia
Jackson Wang,https://www.instagram.com/jacksonwang852g7,https://www.facebook.com/jacksonwang852g7,https://twitter.com/jacksonwang852,M,27.0,28/3/1994,asian,Music,heterosexual,Los Angeles
Kaka,https://www.instagram.com/kaka,https://www.facebook.com/Kaka/,https://twitter.com/kaka,M,39.0,22/4/1982,caucasian,Music,heterosexual,USA
Burak Ozcivit,https://www.instagram.com/burakozcivit,https://www.facebook.com/burakozcivit,https://twitter.com/burakozcivit,M,36.0,24/12/1984,caucasian,Acting,heterosexual,Instanbul
Channing Tatum,https://www.instagram.com/channingtatum,https://www.facebook.com/channingtatum,https://twitter.com/channingtatum,M,41.0,26/4/1980,caucasian,Acting,heterosexual,Los Angeles
carlinhos maia,https://www.instagram.com/carlinhosmaiaof,https://www.facebook.com/carlinhosmaiaof,https://twitter.com/carlinhosmaiaof,M,30.0,12/6/1991,Other(brazil),Acting,homosexual,Brazil
Shaquille O'Neal,https://www.instagram.com/shaq,https://www.facebook.com/shaq,https://twitter.com/shaq,M,49.0,6/3/1972,African American,Sport,heterosexual,Florida
Iker Casillas,https://www.instagram.com/ikercasillas,https://www.facebook.com/Iker.Casillas,https://twitter.com/ikercasillas,M,40.0,20/5/1981,caucasian,Sport,heterosexual,Madrid
Kartik Tiwari,https://www.instagram.com/kartikaaryan,,https://twitter.com/theaaryankartik,M,30.0,22/11/1990,indian,Acting,heterosexual,mumbai
Quavo Marshall,https://www.instagram.com/quavohuncho,https://www.facebook.com/migos.quavoyrn,https://twitter.com/quavostuntin,M,30.0,2/4/1991,African American,Music,heterosexual,Georgia
Noah Schnapp,https://www.instagram.com/noahschnapp,https://www.facebook.com/noahschnapp/,https://twitter.com/noah_schnapp,M,17.0,3/10/2004,caucasian,Acting,heterosexual,New York
Tamer Hosny,https://www.instagram.com/tamerhosny,https://www.facebook.com/TamerHosny,https://twitter.com/tamerhosny,M,44.0,16/8/1977,other(Egypt),Music/Acting,heterosexual,Egypt
Jair M Bolsonaro,https://www.instagram.com/jairmessiasbolsonaro,https://www.facebook.com/jairmessias.bolsonaro/,https://twitter.com/jairbolsonaro,M,66.0,21/3/1955,caucasian,Politics,heterosexual,Brazil
Timati,https://www.instagram.com/timatiofficial,https://www.facebook.com/timatimusic,https://twitter.com/timatiofficial,M,38.0,15/8/1983,caucasian,Music,heterosexual,Los Angeles
Davido Adeleke,https://www.instagram.com/davidoofficial,https://www.facebook.com/Davido30bgfans/,https://twitter.com/davido,M,28.0,21/11/1992,African American,Music,heterosexual,Nigeria
Jeffree Star,https://www.instagram.com/jeffreestar,http://facebook.com/JeffreeStar,http://twitter.com/jeffreestar,M,35.0,15/11/1985,caucasian,Music/Fashion,homosexual,California
Martin Garrix,https://www.instagram.com/martingarrix,https://www.facebook.com/martin.garrix,https://twitter.com/martingarrix,M,25.0,14/5/1996,caucasian,Music,heterosexual,Amsterdam
Russell Westbrook,https://www.instagram.com/russwest44,https://www.facebook.com/russellwestbrook,https://twitter.com/russwest44,M,32.0,12/11/1988,African American,Sport,heterosexual,Oklahoma City
Gading Marten,https://www.instagram.com/gadiiingmoto/,,,M,39.0,8/5/1982,asian,Acting,heterosexual,Indonesia
Burak zdemir,https://www.instagram.com/cznburak,https://www.facebook.com/profile.php?id=100044230073854,https://twitter.com/cznburak,M,27.0,24/3/1994,caucasian,Food,heterosexual,Turkey
6ix9ine,https://www.instagram.com/6ix9ine,https://www.facebook.com/Official6ix9ine,https://twitter.com/6ix9ine,M,25.0,8/5/1996,hispanic,Music,heterosexual,New York
Enrique Iglesias,https://www.instagram.com/enriqueiglesias,https://www.facebook.com/Enrique/,https://twitter.com/enriqueiglesias,M,46.0,8/5/1975,caucasian,Music,heterosexual,Miami
Bretman Rock,https://www.instagram.com/bretmanrock,https://www.facebook.com/thebretmanrock,https://twitter.com/bretmanrock,M,23.0,31/7/1998,Asian,Social Media/youtuber,homosexual,Hawaii
Lewis Hamilton,https://www.instagram.com/lewishamilton,https://www.facebook.com/LewisHamilton,https://twitter.com/lewishamilton,M,36.0,7/1/1985,other,Sport,heterosexual,Monaco
Raditya Dika,https://www.instagram.com/raditya_dika,https://www.facebook.com/radityadikapages,https://twitter.com/radityadika,M,36.0,28/12/1984,asian,Acting,Heterosexual,Indonesia
Mark Wahlberg,https://www.instagram.com/markwahlberg,https://www.facebook.com/markwahlberg,https://twitter.com/markwahlberg,M,50.0,5/6/1971,caucasian,Acting,Heterosexual,Los Angeles
Julio Cocielo,https://www.instagram.com/cocielo,https://www.facebook.com/Cocielo,https://twitter.com/cocielo,M,28.0,25/5/1993,other(brasil),Acting,Heterosexual,brazil
Sam Smith,https://www.instagram.com/samsmith,https://www.facebook.com/samsmithworld,https://twitter.com/samsmith?lang=en,M,29.0,19/5/1992,caucasian,Music,Homosexual,London
Wayne Rooney,https://www.instagram.com/waynerooney,https://www.facebook.com/WayneRooney,https://twitter.com/WayneRooney,M,36.0,24/10/1985,caucasian,Sport,Heterosexual,Everton
Jaime Lorente,https://www.instagram.com/jaimelorentelo,https://www.facebook.com/JaimeLorenteLA/,https://twitter.com/jaimelorente?lang=en,M,29.0,12/12/1991,Caucasian,Acting,Heterosexual,Spain
Guru Randhawa,https://www.instagram.com/gururandhawa,https://www.facebook.com/GuruRandhawa,https://twitter.com/GuruOfficial?ref_src=twsrc%5Egoogle%7Ctwcamp%5Eserp%7Ctwgr%5Eauthor,M,30.0,30/8/1991,Indian,Music,Heterosexual,India
Tyler Blevins,https://www.instagram.com/ninja,https://www.facebook.com/NinjaTB,https://twitter.com/Ninja?ref_src=twsrc%5Egoogle%7Ctwcamp%5Eserp%7Ctwgr%5Eauthor,M,30.0,5/6/1991,Caucasian,Streammer/Youtuber,Heterosexual,California
Ricky Martin,https://www.instagram.com/ricky_martin,https://www.facebook.com/RickyMartinOfficialPage,https://twitter.com/ricky_martin,M,49.0,24/12/1971,Caucasian,Music/Acting,Homosexual,Las Vegas
Jason Momoa,https://www.instagram.com/prideofgypsies,https://www.facebook.com/1JasonMomoaFans/,https://twitter.com/jasonmomoa_th,M,42.0,1/8/1979,other,Acting,Heterosexual,Los Angeles
Charlie Puth,https://www.instagram.com/charlieputh,https://www.facebook.com/charlieputh,https://twitter.com/charlieputh,M,29.0,2/12/1991,Caucasian,Music,Heterosexual,Los Angeles
Jaden Smith,https://www.instagram.com/c.syresmith,https://www.facebook.com/officialjaden,https://twitter.com/jaden,M,23.0,8/7/1998,African American,Acting/Dance/Music,Heterosexual,Los Angeles
 Pavel Volya,https://www.instagram.com/pavelvolyaofficial,https://www.facebook.com/pavelvolyaofficial,https://twitter.com/realvolya,M,42.0,14/3/1979,Caucasian,Acting/Music,Heterosexual,Mosca
Jake Paul,https://www.instagram.com/jakepaul.9,https://www.facebook.com/jakepaul,https://twitter.com/jakepaul,M,24.0,17/1/1997,Caucasian,Youtuber,Heterosexual,Los Angeles
Gabriel Jesus,https://www.instagram.com/dejesusoficial,https://www.facebook.com/gabrieljesus,https://twitter.com/gabrieljesus9,M,24.0,3/4/1997,African American,Sport,Heterosexual,Manchester
Eugenio Derbez,https://www.instagram.com/ederbez,https://www.facebook.com/EugenioDerbezTV,https://twitter.com/EugenioDerbez,M,60.0,2/9/1961,other(mexico),Acting,Heterosexual,California
Cameron Boyce,https://www.instagram.com/thecameronboyce,https://www.facebook.com/TheCameronBoyceOFC,https://twitter.com/thecameronboyce,M,22.0,28/5/1999,Caucasian,Acting/Dance,Heterosexual,Los Angeles
Odell Beckham Jr,https://www.instagram.com/obj,https://www.facebook.com/odell.beckham,https://twitter.com/obj,M,28.0,5/11/1992,African American,Sport,Heterosexual,Louisiana
Leo Santana,https://www.instagram.com/leosantana,https://it-it.facebook.com/LeoSantana,https://twitter.com/leosantana,M,33.0,22/4/1988,African American,Music,Heterosexual,brazil
lee min-ho,https://www.instagram.com/actorleeminho,https://www.facebook.com/OfficialLeeMinho,https://twitter.com/actorleeminho,M,34.0,22/6/1987,Asian,Acting/Music,Heterosexual,South Korea
Juan De Dios Pantoja,https://www.instagram.com/juandediospantoja,https://es-la.facebook.com/JuanDeDiosPantojaCorona/,https://twitter.com/juandedios_p,M,25.0,16/11/1995,Caucasian,Youtuber,Heterosexual,Mexico
Raphael Varane,https://www.instagram.com/raphaelvarane,https://www.facebook.com/raphaelvarane,https://twitter.com/raphaelvarane,M,28.0,25/4/1993,other,Sport,Heterosexual,Manchester
Gaten Matarazzo,https://www.instagram.com/gatenm123,https://www.facebook.com/people/Gaten-Matarazzo/100044337944498/,https://twitter.com/gatenm123,M,19.0,8/9/2002,Caucasian,Acting,Heterosexual,New Jersey
John Cena,https://www.instagram.com/johncena,https://www.facebook.com/johncena,https://twitter.com/JohnCena,M,44.0,23/4/1977,Caucasian,Sport,Heterosexual,florida
Tyrese Gibson,https://www.instagram.com/tyrese,https://www.facebook.com/tyrese,https://twitter.com/tyrese,M,42.0,30/12/1978,African American,Acting/Music,Heterosexual,Los Angeles
gusein gasanov,https://www.instagram.com/gusein.gasanov,None,None,M,27.0,5/6/1994,Caucasian,Youtuber,Heterosexual,Mosca
Miguel Herran,https://www.instagram.com/miguel.g.herran,https://it-it.facebook.com/pages/category/Artist/Miguel-Herr%C3%A1n-2044373705781867/,https://twitter.com/herran_herran,M,25.0,25/4/1996,Caucasian,Acting,Heterosexual,Madrid
Liam Hemsworth,https://www.instagram.com/liamhemsworth,https://www.facebook.com/liamhemsworth,https://twitter.com/liamhemsworth,M,31.0,13/1/1990,Caucasian,Acting,Heterosexual,Malibu
Falcao,https://www.instagram.com/falcao,https://www.facebook.com/GarciaZarateRadamelFalcao,https://twitter.com/FALCAO,M,35.0,10/2/1986,other(Colombia),Sport,Heterosexual,Colombia
Aliando Syarief,https://www.instagram.com/aliandooo,https://www.facebook.com/thealiando,https://twitter.com/alysyarief,M,25.0,26/10/1996,Asian,Acting,Heterosexual,Jakarta
Rohit Sharma,https://www.instagram.com/rohitsharma45,https://www.facebook.com/RohitSharmaOfficialPage,https://twitter.com/imro45,M,34.0,30/4/1987,Indian,Sport,Heterosexual,Mumbai
paulo gustavo,https://www.instagram.com/paulogustavo31,https://www.facebook.com/Paulo.Gustavo.oficial/,https://twitter.com/paulogustavo31,M,43.0,30/10/1978,Caucasian,Acting,Homosexual,Brazil
Gucci Mane,https://www.instagram.com/laflare1017,https://www.facebook.com/guccimane/,https://twitter.com/gucci1017,M,41.0,12/2/1980,African American,Music,Heterosexual,Florida
Joe Jonas,https://www.instagram.com/joejonas,https://www.facebook.com/joejonas,https://twitter.com/joejonas,M,32.0,15/8/1989,Caucasian,Music/Acting/Dance,Heterosexual,Los Angeles
Roberto Firmino,https://www.instagram.com/roberto_firmino,https://www.facebook.com/robertofirmino,https://twitter.com/thefabfirmino,M,30.0,2/10/1991,other(Brazil),Sport,Heterosexual,Liverpool
Michael B Jordan,https://www.instagram.com/michaelbjordan,https://www.facebook.com/michaelbjordan,https://twitter.com/michaelb4jordan,M,34.0,9/2/1987,African American,Acting,Heterosexual,Hollywood
Prince Royce,https://www.instagram.com/princeroyce,https://www.facebook.com/princeroyce,https://twitter.com/PrinceRoyce,M,32.0,11/5/1989,Caucasian,Music,Heterosexual,New York
Rafael Vitti,https://www.instagram.com/rafaavitti,https://pt-br.facebook.com/rafaavitti,https://twitter.com/rafaavitti,M,26.0,2/11/1995,Caucasian,Acting/Music,Heterosexual,Brazil
Jordi Alba,https://www.instagram.com/jordialbaoficial,https://www.facebook.com/jordialbaofficial,https://twitter.com/jordialba,M,32.0,21/3/1989,Caucasian,Sport,Heterosexual,Barcellona
Adam Levine,https://www.instagram.com/adamlevine,https://www.facebook.com/OfficialAdamLevine/,https://twitter.com/adamlevine,M,42.0,18/3/1979,Caucasian,Music,Heterosexual,hollywood
Ahmad Al Shugairi,https://www.instagram.com/ahmadalshugairi,https://www.facebook.com/AhmadAlShugairi/,https://twitter.com/shugairi,M,48.0,6/6/1973,Asian,Writing/Acting,Heterosexual,Saudi Arabia
Atta Halilintar,https://www.instagram.com/attahalilintar,https://www.facebook.com/public/Atta-Halilintar,https://twitter.com/attahalilintar,M,26.0,20/11/1994,Asian,Youtube/Music,Heterosexual,Jakarta
Arturo Vidal,https://www.instagram.com/kingarturo23oficial,https://www.facebook.com/arturovidal8,https://twitter.com/kingarturo23,M,34.0,22/5/1987,other(Cile),Sport,Heterosexual,Italy
German Garmendia,https://www.instagram.com/germangarmendia,https://www.facebook.com/germangarmendia,https://twitter.com/GermanGarmendia,M,31.0,25/4/1990,other(Cile),Music,Heterosexual,Cile
Marcos Mion,https://www.instagram.com/marcosmion,https://it-it.facebook.com/MarcosMionOficial,https://twitter.com/marcosmion,M,42.0,20/6/1979,other(Brazil),Acting,Heterosexual,San Paolo
Pharrell Williams,https://www.instagram.com/pharrell,https://www.facebook.com/Pharrell,https://twitter.com/Pharrell,M,48.0,5/4/1973,African American,Music,Heterosexual,Los Angeles
ludacris,https://www.instagram.com/ludacris,https://www.facebook.com/ludacris,https://twitter.com/Ludacris,M,44.0,11/9/1977,African American,Music/Acting,Heterosexual,Los Angeles
DAVID DOBRIK,https://www.instagram.com/daviddobrik,https://www.facebook.com/DavidDobrikOfficial,https://twitter.com/DavidDobrik,M,25.0,23/7/1996,Caucasian,Youtuber/Acting,Heterosexual,Los Angeles
John Legend,https://www.instagram.com/johnlegend,https://www.facebook.com/johnlegend,https://twitter.com/johnlegend,M,42.0,28/12/1978,African American,Music/Acting,Heterosexual,New York
French Montana,https://www.instagram.com/frenchmontana,https://www.facebook.com/FrenchMontanaOfficial/,https://twitter.com/FrencHMonTanA,M,36.0,9/11/1984,African American,Music,Heterosexual,Los Angeles
Joao Guilherme,https://www.instagram.com/joaoguilherme,https://www.facebook.com/joaoguiavila,https://twitter.com/Joaoguiavila,M,19.0,1/2/2002,Caucasian,Music,Heterosexual,Brazil
irfan hakim,https://www.instagram.com/irfanhakim75,https://www.facebook.com/IrfanHakimPage,https://twitter.com/irfanhakimlove,M,46.0,15/10/1975,asian,Acting,Heterosexual,Indonesia
Brooklyn Beckham,https://www.instagram.com/brooklynbeckham,https://www.facebook.com/brooklynbeckham,https://twitter.com/brooklynbeckham,M,22.0,4/3/1999,Caucasian,Model/Influencer,Heterosexual,London
Ridwan Kamil,https://www.instagram.com/ridwankamil,https://www.facebook.com/mochamadridwankamil,https://twitter.com/ridwankamil,M,50.0,4/10/1971,Asian,Politics,Heterosexual,Indonesia
Marco Asensio,https://www.instagram.com/marcoasensio10,https://www.facebook.com/marcoasensio10,https://twitter.com/marcoasensio10,M,24.0,21/12/1996,Caucasian,Sport,Heterosexual,Madrid
Felipe Neto,https://www.instagram.com/felipeneto,https://www.facebook.com/felipeneto,https://twitter.com/felipeneto,M,33.0,21/1/1988,Caucasian,Acting,Heterosexual,Brazil
FAISAL SHAIKH,https://www.instagram.com/mr_faisu_07,https://www.facebook.com/faisusqua/,https://twitter.com/mr_faisu_07,M,27.0,5/10/1994,Indian,Model/Acting,Heterosexual,Mumbai
Sylvester Stallone,https://www.instagram.com/officialslystallone,https://www.facebook.com/SylvesterStallone,https://twitter.com/TheSlyStallone,M,75.0,6/7/1946,Caucasian,Acting,Heterosexual,Beverly Hills
Casemiro,https://www.instagram.com/casemiro,https://www.facebook.com/Casemiro92,https://twitter.com/Casemiro,M,29.0,23/2/1992,other(Brazil),Sport,Heterosexual,Madrid
Lil Wayne,https://www.instagram.com/liltunechi,https://www.facebook.com/LilWayne/,https://twitter.com/LilTunechi,M,39.0,27/9/1982,African American,Music,Heterosexual,Miami
Nacho Miguelito Mendoza,https://www.instagram.com/nacho,https://it-it.facebook.com/NachoOfficial/,https://twitter.com/nacholacriatura,M,38.0,22/8/1983,other(Venezuela),Music,Heterosexual,Venezuela
Shane Dawson,https://www.instagram.com/shanedawson,None,https://twitter.com/shanedawson,M,33.0,19/7/1988,Caucasian,Acting/Music,Bisexual,Los Angeles
Ricky Harun,https://www.instagram.com/rickyharun,https://www.facebook.com/therickyharun,https://twitter.com/RickyHarun45MF,M,34.0,12/1/1987,Asian,Acting,Heterosexual,Indonesia
Camilo,https://www.instagram.com/camilomusica,https://www.facebook.com/camilomusica,https://twitter.com/CamiloMusica,M,27.0,16/3/1994,Caucasian,Music,Heterosexual,Colombia
Sebas Villalobos,https://www.instagram.com/sebas,https://www.facebook.com/VillalobosSebas,https://twitter.com/villalobossebas,M,25.0,17/1/1996,other(Colombia),Acting/Music,Heterosexual,Colombia
Mohamed Ramadan,https://www.instagram.com/mohamedramadanws,https://www.facebook.com/Ramadan,https://twitter.com/mohamed_ramadan,M,33.0,23/5/1988,African American,Acting/Music,Heterosexual,Egypt
Ji Chang-wook,https://www.instagram.com/jichangwook,https://www.facebook.com/ACTORJCW.OFFICIAL,None,M,34.0,5/7/1987,Asian,Acting,Heterosexual,South Korea
Nego do Borel,https://www.instagram.com/negodoborel,https://www.facebook.com/negodoborel,https://twitter.com/negodoborel,M,29.0,10/7/1992,African American,Music,Heterosexual,Brazil
Cesc Fabregas,https://www.instagram.com/cescf4bregas,https://www.facebook.com/cescfabregas,https://twitter.com/cesc4official,M,34.0,4/5/1987,Caucasian,Sport,Heterosexual,France
Henry Cavill,https://www.instagram.com/henrycavill,https://www.facebook.com/henrycavill/,https://twitter.com/henrycavillnews,M,38.0,5/5/1983,Caucasian,Acting,Heterosexual,London
Arjun Kapoor,https://www.instagram.com/arjunkapoor,https://www.facebook.com/ArjunKapoorOfficial,https://twitter.com/arjunk26,M,36.0,26/6/1985,Indian,Acting,Heterosexual,Mumbai
angel Di Maria,https://www.instagram.com/angeldimariajm,https://www.facebook.com/AngelDiMariaJM,https://twitter.com/oficial7dimaria,M,33.0,14/2/1988,other(Argentina),Sport,Heterosexual,Paris
Yandel,https://www.instagram.com/yandel,https://www.facebook.com/YandelelOficial,https://twitter.com/yandeloficial,M,44.0,14/1/1977,other(Portorico),Music,Heterosexual,Puerto Rico
Amr Diab,https://www.instagram.com/amrdiab,https://www.facebook.com/AmrDiab,https://twitter.com/amrdiab,M,60.0,11/10/1961,African American,Music/Acting,Heterosexual,Egypt
baim wong,https://www.instagram.com/baimwong,None,https://twitter.com/mrbaimwong,M,40.0,27/4/1981,Asian,Acting,Heterosexual,Jakarta
Michel Tel√≥,https://www.instagram.com/micheltelo,https://www.facebook.com/MichelTelo,https://twitter.com/micheltelo,M,40.0,21/1/1981,Caucasian,Music,Heterosexual,Brazil
Acun Ilcal,https://www.instagram.com/acunilicali,None,None,M,52.0,29/5/1969,Caucasian,Acting,Heterosexual,Turkey
Marc ter Stegen,https://www.instagram.com/mterstegen1,https://www.facebook.com/mterstegen1,https://twitter.com/mterstegen1,M,29.0,30/4/1992,Caucasian,Sport,Heterosexual,Barcellona
Lucas Rangel,https://www.instagram.com/lucasranngel,https://www.facebook.com/lucasranngel,https://twitter.com/LucasRanngel,M,24.0,20/5/1997,other(Brazil),Youtuber/LifeStyle,Heterosexual,Brazil
troye sivan,https://www.instagram.com/troyesivan,https://www.facebook.com/troyesivan,https://twitter.com/troyesivan,M,26.0,5/6/1995,Caucasian,Music,Homosexual,Los Angeles
BamBam,https://www.instagram.com/bambam1a,https://www.facebook.com/bambamxabyss/,https://twitter.com/BamBam1A,M,24.0,2/5/1997,Asian,Music,Bisexual,South Korea
Alvaro Morata,https://www.instagram.com/alvaromorata,https://www.facebook.com/alvaromorata,https://twitter.com/alvaromorata,M,29.0,23/10/1992,Caucasian,Sport,Heterosexual,Torino
Hardik Pandya,https://www.instagram.com/hardikpandya93,https://www.facebook.com/OfficialHardikPandya,https://twitter.com/hardikpandya7,M,28.0,11/10/1993,Indian,Sport,Heterosexual,India
Ayushmann Khurrana,https://www.instagram.com/ayushmannk,https://www.facebook.com/ayushmannkhurrana,https://twitter.com/ayushmannk,M,37.0,14/9/1984,Indian,Acting/Music,Heterosexual,Mumbai
David De Gea,https://www.instagram.com/d_degeaofficial,https://www.facebook.com/DavidDeGeaOficial,https://twitter.com/D_DeGea,M,30.0,7/11/1990,Caucasian,Sport,Heterosexual,Uk
Kevin De Bruyne,https://www.instagram.com/kevindebruyne,https://www.facebook.com/DeBruyneOfficial,https://twitter.com/debruynekev,M,30.0,28/6/1991,Caucasian,Sport,Heterosexual,Manchester
Marc Anthony,https://www.instagram.com/marcanthony,https://www.facebook.com/officialmarcanthony,https://twitter.com/marcanthony,M,53.0,16/9/1968,Caucasian,Music/Acting,Heterosexual,Los Angeles
Karan Johar,https://www.instagram.com/karanjohar,https://www.facebook.com/Karan-Johar-FC-1385383218342485/,https://twitter.com/karanjohar,M,49.0,25/5/1972,Indian,Acting,Heterosexual,Mumbai
Nash Grier,https://www.instagram.com/nashgrier,https://www.facebook.com/nashgrier,https://twitter.com/nashgrier,M,23.0,28/12/1997,Caucasian,Actor,Heterosexual,Los Angeles
Jorge Lopez,https://www.instagram.com/jorgelopez_as,None,https://twitter.com/jorgelopez_as,M,30.0,30/10/1991,Other(Cile),Acting/Music/Dance,Heterosexual,Cile
Manuel Neuer,https://www.instagram.com/manuelneuer,https://www.facebook.com/manuel.neuer,https://twitter.com/manuel_neuer,M,35.0,27/3/1986,Caucasian,Sport,Heterosexual,Germany
Pabllo Vittar,https://www.instagram.com/pabllovittar,https://it-it.facebook.com/vittar.pabllo,https://twitter.com/pabllovittar,M,27.0,1/11/1994,other(Brazil),Music/Dance,Homosexual,Brazil
Suresh Raina,https://www.instagram.com/sureshraina3,https://www.facebook.com/SureshKumaRainaOfficial,https://twitter.com/ImRaina,M,34.0,27/11/1986,Indian,Sport,Heterosexual,India
Alvaro Morte,https://www.instagram.com/alvaromorte,None,https://twitter.com/AlvaroMorte,M,46.0,23/2/1975,Caucasian,Acting,Heterosexual,Madrid
Glenn Alinskie,https://www.instagram.com/glennalinskie,https://www.facebook.com/GlennAlinskiee,https://twitter.com/glennalinskie,M,33.0,19/10/1988,Asian,Acting,Heterosexual,Indonesia
Murat Boz,https://www.instagram.com/muratboz,https://www.facebook.com/MuratBoz,https://twitter.com/muratboz,M,41.0,7/3/1980,Caucasian,Music,Heterosexual,Turkey
Carles Puyol,https://www.instagram.com/carles5puyol,https://www.facebook.com/puyol5carles,https://twitter.com/carles5puyol,M,43.0,13/4/1978,Caucasian,Sport,Heterosexual,Spain
Bastian Schweinsteiger,https://www.instagram.com/bastianschweinsteiger,https://www.facebook.com/BastianSchweinsteiger,https://twitter.com/BSchweinsteiger,M,37.0,1/8/1984,Caucasian,Sport,Heterosexual,Austria
Alexis Sanchez,https://www.instagram.com/alexis_officia1,https://it-it.facebook.com/alexissanchez7,https://twitter.com/Alexis_Sanchez,M,32.0,19/12/1988,other(Chile),Sport,Heterosexual,London
iqbaal ramadhan,https://www.instagram.com/iqbaal.e,https://www.facebook.com/Iqbaal-Dhiafakhri-Ramadhan-148213511998100/,https://twitter.com/iqbaale,M,21.0,28/12/1999,Asian,Acting,Heterosexual,Indonesia
thefatjewish,https://www.instagram.com/thefatjewish,https://www.facebook.com/THEFATJEWISH,https://twitter.com/fatjew,M,39.0,18/2/1982,Caucasian,Life-style,Heterosexual,New York
Mike Tyson,https://www.instagram.com/miketyson,https://www.facebook.com/miketyson,https://twitter.com/MikeTyson,M,55.0,30/6/1966,African American,Sport,Heterosexual,Las Vegas
FEDEZ,https://www.instagram.com/fedez,https://www.facebook.com/fedezofficial,https://twitter.com/Fedez,M,32.0,15/10/1989,Caucasian,Music,Heterosexual,Milano
Caleb McLaughlin,https://www.instagram.com/therealcalebmclaughlin,https://www.facebook.com/calebmclaughlin,https://twitter.com/calebmclaughlin,M,20.0,13/10/2001,African American,Acting,Heterosexual,New York
Irwansyah,https://www.instagram.com/irwansyah_15,None,https://twitter.com/irwansyah_zs,M,36.0,6/3/1985,Asian,Acting/Music,Heterosexual,Indonesia
Caua Reymond,https://www.instagram.com/cauareymond,https://www.facebook.com/CauaReymond,https://twitter.com/cauareymond,M,41.0,20/5/1980,other(Brazil),Acting,Heterosexual,Brazil
Rambod javan,https://www.instagram.com/rambodjavan1,https://www.facebook.com/rambod.javan.official/,https://twitter.com/rambodjavanfans,M,49.0,22/12/1971,other(Iran),Acting,Heterosexual,Iran
JARED LETO,https://www.instagram.com/jaredleto,https://www.facebook.com/jaredleto,https://twitter.com/JaredLeto,M,49.0,26/12/1971,Caucasian,Music/Acting,Heterosexual,Los Angeles
Austin Mahone,https://www.instagram.com/austinmahone,https://www.facebook.com/AustinMahone,https://twitter.com/AustinMahone,M,25.0,04/04/1996,Caucasian,Singer,Heterosexual,Miami
Keylor Navas Gamboa,https://www.instagram.com/keylornavas1, ,   ,M,35.0,15/12/1986,Caucasian,Soccer,Heterosexual,Paris
MrBeast,https://www.instagram.com/mrbeast,https://www.facebook.com/MrBeast6000/,https://twitter.com/MrBeast,M,23.0,07/05/1998,Caucasian,"Social Media Star, Youtuber",Heterosexual,Greenville
Dc Young Fly,https://www.instagram.com/dcyoungfly,https://www.facebook.com/DcYoungFly1,https://twitter.com/dcyoungfly,M,29.0,02/05/1992,African American,Rappers,Heterosexual,Atlanta
Huang Zitao,https://www.instagram.com/hztttao, , ,M,28.0,02/05/1993,Asian,Rapper,Heterosexual,China
Vinicius Jr,https://www.instagram.com/viniciusjunior,https://www.facebook.com/viniiciusjunior11,https://twitter.com/vinijr,M,21.0,12/07/2000,African American,Soccer,Heterosexual,Brazil
Henrique e Juliano,https://www.instagram.com/henriqueejuliano,https://www.facebook.com/HenriqueeJuliano,https://twitter.com/hejoficial,M,32.0,23/05/1989,Caucasian,Music,Heterosexual,Brazil
Hamdan bin Mohammed Al Maktoum,https://www.instagram.com/faz3,https://www.facebook.com/ShkHamdan,https://twitter.com/HamdanMohammed,M,39.0,14/11/1982,Caucasian,Royalty,Heterosexual,Dubai
Josh Peck,https://www.instagram.com/shuapeck,https://www.facebook.com/joshpeckofficial,https://twitter.com/ItsJoshPeck,M,35.0,10/11/1986,Caucasian,"Actor, Voice Actor, Comedian, Youtube Personality",Heterosexual,New York
Mohamed Hamaki,https://www.instagram.com/hamaki,https://www.facebook.com/hamaki,https://twitter.com/Hamaki,M,46.0,04/11/1975,African American,Music,Heterosexual,Egypt
Chris Paul,https://www.instagram.com/cp3,https://www.facebook.com/CP3,https://twitter.com/CP3,M,36.0,06/05/1985,African American,Basketball,Heterosexual,Phoenix
Saad Lamjarred,https://www.instagram.com/saadlamjarred1,https://www.facebook.com/SaadLamjarred.Official,https://twitter.com/saadlamjarred1,M,36.0,07/04/1985,African American,Music,Heterosexual,Morocco
Memphis Depay,https://www.instagram.com/memphisdepay,https://www.facebook.com/memphisdepayofficial,https://twitter.com/Memphis,M,28.0,13/01/1994,African American,Soccer,Heterosexual,Barcelona
Calvin Harris,https://www.instagram.com/calvinharris,https://www.facebook.com/calvinharris,https://twitter.com/CalvinHarris,M,38.0,17/01/1984,Caucasian,"Dj, Singer, Songwriter, Producer",Heterosexual,Dumfries and Galloway
Jamie Foxx,https://www.instagram.com/iamjamiefoxx,https://www.facebook.com/jamiefoxx,https://twitter.com/iamjamiefoxx,M,54.0,13/12/1967,African American,Acting,Heterosexual,Los Angeles
Sushant Singh Rajput,https://www.instagram.com/sushantsinghrajput,https://www.facebook.com/SushantSinghRajput,https://mobile.twitter.com/itsssr,M,36.0,21/01/1986,Indian,Acting,Heterosexual,Mumbai
Ansel Elgort,https://www.instagram.com/ansel,https://www.facebook.com/AnselElgort,https://twitter.com/anselelgort,M,27.0,14/03/1994,Caucasian,"Acting, DJ",Heterosexual,Manhattan
Tyler The Creator,https://www.instagram.com/feliciathegoat,https://www.facebook.com/TylertheCreatorOfficial,https://twitter.com/tylerthecreator,M,30.0,06/03/1991,African American,"Rapper, Record Producer, Music Video Director",Bisexual,Los Angeles
Lil Yachty,https://www.instagram.com/lilyachty,https://www.facebook.com/lilyachtysailingteam,https://twitter.com/lilyachty,M,24.0,23/08/1997,African American,"Rapper, Singer, Songwriter",Heterosexual,Atlanta
Harry Kane,https://www.instagram.com/harrykane,https://www.facebook.com/harrykaneofficial,https://twitter.com/HKane,M,28.0,28/07/1993,Caucasian,Football,Heterosexual,Chingford
Andhika Pratama,https://www.instagram.com/andhiiikapratama, ,https://twitter.com/dhikacungkring,M,35.0,11/11/1986,Indian,Acting,Heterosexual,Indonesia
Usain Bolt,https://www.instagram.com/usainbolt,https://www.facebook.com/usainbolt,https://twitter.com/usainbolt,M,35.0,21/08/1986,African American,Sports,Heterosexual,Kingston
Immanuel Caesar Hito,https://www.instagram.com/hitocaesar, ,https://twitter.com/_hitocaesar,M,28.0,27/05/1993,Asian,Acting,Heterosexual,Indonesia
Tory Lanez,https://www.instagram.com/torylanez,https://www.facebook.com/ToryLanez,https://twitter.com/torylanez,M,29.0,27/07/1992,African American,Rappers,Heterosexual,Canada
Kendrick Lamar,https://www.instagram.com/kendricklamar,https://www.facebook.com/kendricklamar,https://twitter.com/kendricklamar,M,34.0,17/06/1987,African American,"Rapper, Songwriter",Heterosexual,Los Angeles
Pierre Emerick Aubemeyang,https://www.instagram.com/aubameyang97,https://www.facebook.com/aubameyang97,https://twitter.com/auba,M,32.0,18/06/1989,African American,Football,Heterosexual,Laval
Luis Fonsi,https://www.instagram.com/luisfonsi,https://www.facebook.com/luisfonsimusic,https://twitter.com/LuisFonsi,M,43.0,15/04/1978,Caucasian,Singer,Heterosexual,San Juan
AuronPlay,https://www.instagram.com/auronplay,https://www.facebook.com/AuronPlayOficial,https://twitter.com/auronplay,M,33.0,05/11/1988,Caucasian,Youtube,Heterosexual,Spain
Joe Rogan,https://www.instagram.com/joerogan,https://www.facebook.com/JOEROGAN,https://mobile.twitter.com/joerogan,M,54.0,11/08/1967,Caucasian,UFC,Heterosexual,Texas
Jacob Sartorius,https://www.instagram.com/jacobsartorius,https://www.facebook.com/jacobsartorius,https://twitter.com/jacobsartorius,M,19.0,02/10/2002,Caucasian,"Singer, Songwriter",Heterosexual,Reston
Tom Hanks,https://www.instagram.com/tomhanks,https://www.facebook.com/TomHanks,https://twitter.com/tomhanks,M,65.0,09/07/1956,Caucasian,Acting,Heterosexual,Oakland
Rafael Nadal,https://www.instagram.com/rafaelnadal,https://www.facebook.com/Nadal,https://mobile.twitter.com/rafaelnadal,M,35.0,03/06/1986,Caucasian,Tennis,Heterosexual,Spain
Jose Marie Viceral,https://www.instagram.com/praybeytbenjamin, ,https://twitter.com/vicegandako,M,45.0,31/03/1976,Asian,Acting,Homosexual,Philippines
Gianluigi Buffon,https://www.instagram.com/gianluigibuffon,https://www.facebook.com/GianluigiBuffon,https://twitter.com/gianluigibuffon,M,44.0,28/01/1978,Caucasian,Football,Heterosexual,Carrara
Rudy Mancuso,https://www.instagram.com/rudymancuso,https://www.facebook.com/rudymancuso,https://twitter.com/rudymancuso,M,30.0,28/02/1992,Caucasian,"Actor, Producer, Internet Personality, Comedian, And Musician",Heterosexual,Los Angeles
Virgil van Dijk,https://www.instagram.com/virgilvandijk,https://www.facebook.com/Virgivandijk/,https://twitter.com/VirgilvDijk,M,30.0,08/07/1991,African American,Football,Heterosexual,Liverpool
Sebastian Rulli,https://www.instagram.com/sebastianrulli,https://www.facebook.com/sebastianrulli,https://twitter.com/sebastianrulli,M,46.0,06/07/1975,Caucasian,Acting,Heterosexual,Buenos Aires
Thiaguinho,https://www.instagram.com/thbarbosa,https://www.facebook.com/thiaguinhocomth,https://twitter.com/thiaguinhocomth,M,38.0,11/03/1983,African American,Singer,Heterosexual,Sao Paulo
Pyong Lee ,https://www.instagram.com/pyonglee,https://www.facebook.com/pyongleetv,https://twitter.com/pyongleetv,M,29.0,23/09/1992,Asian,Youtube,Heterosexual,Sao Paolo
Skrillex,https://www.instagram.com/skrillex,https://www.facebook.com/skrillex,https://twitter.com/skrillex,M,34.0,15/01/1988,Caucasian,Music,Heterosexual,Los Angeles
Didier Dogba,https://www.instagram.com/didierdrogba,https://www.facebook.com/didier.drogba.71216141,https://twitter.com/didierdrogba,M,43.0,11/03/1978,African American,Football,Heterosexual,Abidjan
Ethan Dolan,https://www.instagram.com/ethandolan, ,https://twitter.com/ethandolan,M,22.0,16/12/1999,Caucasian,"Actor, Comedian",Heterosexual,Long Valley
Kodak Black,https://www.instagram.com/kodakblack,https://www.facebook.com/TheRealKodakBlack,https://twitter.com/KodakBlack1k,M,24.0,11/06/1997,African American,Rapper,Heterosexual,Florida
Mario Balotelli,https://www.instagram.com/mb459,https://www.facebook.com/MarioOfficialBalotelli,https://mobile.twitter.com/finallymario,M,31.0,12/08/1990,African American,Football,Heterosexual,Monza
Adam Sandler,https://www.instagram.com/adamsandler,https://www.facebook.com/Sandler,https://twitter.com/adamsandler,M,55.0,09/09/1966,Caucasian,"Actor, Comedian, Producer, Musician",Heterosexual,New York
Willian Borges Da Silva,https://www.instagram.com/willianborges88,https://www.facebook.com/Willian-Borges-da-Silva-534927369914248/,https://twitter.com/willianborges88,M,33.0,09/08/1988,African American,Football,Heterosexual,Brasil
Paul George,https://www.instagram.com/ygtrece, ,https://twitter.com/Yg_Trece,M,31.0,02/05/1990,African American,Basketball,Heterosexual,Los Angeles
Lucas Vazquez,https://www.instagram.com/lucasvazquez91,https://www.facebook.com/lucasvazquez1991,https://twitter.com/lucasvazquez91,M,30.0,01/07/1991,Caucasian,Football,Heterosexual,Madrid
Bhuvan Bam,https://www.instagram.com/bhuvan.bam22,https://www.facebook.com/BBkiVines,https://twitter.com/bhuvan_bam,M,28.0,22/01/1994,Indian,Comedian,Heterosexual,India
Gordon Ramsay,https://www.instagram.com/gordongram,https://www.facebook.com/gordonramsay,https://twitter.com/GordonRamsay,M,55.0,08/11/1966,Caucasian,"Chef,Actor",Heterosexual,London
Swae Lee,https://www.instagram.com/swaelee,https://www.facebook.com/SwaeLee,https://twitter.com/SwaeLee,M,28.0,07/06/1993,African American,Rappers,Heterosexual,Tupelo
Yuvraj Singh,https://www.instagram.com/babajackson2019,https://www.facebook.com/yuvirajsinghofficial,https://twitter.com/YUVSTRONG12,M,40.0,12/12/1981,Indian,Cricket,Heterosexual,Chandigarh
Steven Gerrard,https://www.instagram.com/stevengerrard,https://www.facebook.com/stevengerrard, ,M,41.0,30/05/1980,Caucasian,Football,Heterosexual,Liverpool
Don Jazzy,https://www.instagram.com/donjazzy,https://www.facebook.com/OFFICIALDONJAZZY/,https://twitter.com/DONJAZZY,M,39.0,26/11/1982,African American,Music,Heterosexual,Nigeria
Boosie BadAzz,https://www.instagram.com/officialboosieig,https://www.facebook.com/lilboosie,https://twitter.com/BOOSIEOFFICIAL,M,39.0,14/11/1982,African American,Rapper,Heterosexual,Baton Rouge
David Guetta,https://www.instagram.com/davidguetta,https://www.facebook.com/DavidGuetta,https://twitter.com/davidguetta,M,54.0,07/11/1967,Caucasian,"Disc Jockey, Record Producer, Remixer",Heterosexual,Paris
Steve Aoki,https://www.instagram.com/steveaoki,https://www.facebook.com/steveaoki,https://twitter.com/steveaoki,M,44.0,30/11/1977,Asian,Disc Jockey,Heterosexual,Newport Beach
Usher,https://www.instagram.com/usher,https://www.facebook.com/usher,https://twitter.com/Usher,M,43.0,14/10/1978,African American,Music,Heterosexual,Los Angeles
G-Eazy,https://www.instagram.com/g_eazy,https://www.facebook.com/G.Eazy,https://twitter.com/G_Eazy,M,32.0,24/05/1989,Caucasian,"Rapper, Record Producer",Heterosexual,Los Angeles
Tareq AlHarbi,https://www.instagram.com/6ar8o, , ,M,42.0,22/02/1980,Indian,Acting,Heterosexual,Riyadh
Mark Tuan,https://www.instagram.com/mark_tuan,https://www.facebook.com/pages/category/Musician-band/Mark-Tuan-102278171829727/,https://twitter.com/marktuan,M,28.0,04/09/1993,Asian,Singer,Heterosexual,South Korea
Dylan Sprouse,https://www.instagram.com/dylansprouse,https://www.facebook.com/dylansprouse2018,https://twitter.com/dylansprouse,M,29.0,04/08/1992,Caucasian,Actor,Heterosexual,Long Beach
Kepler Laveran Lima Ferreira,https://www.instagram.com/official_pepe,https://www.facebook.com/keplerlaveran.ferreira, ,M,39.0,26/02/1983,Caucasian,Football,Heterosexual,Portugal
Diljit Dosanjh,https://www.instagram.com/diljitdosanjh,https://www.facebook.com/DiljitDosanjh,https://twitter.com/diljitdosanjh,M,38.0,06/01/1984,Indian,"Singing, Acting",Heterosexual,California
Dr Fahrettin Koca,https://www.instagram.com/drfahrettinkoca,https://www.facebook.com/sbfahrettinkoca,https://twitter.com/drfahrettinkoca,M,57.0,02/01/1965,Caucasian,Politics,Heterosexual,Turkey
Valentino Rossi,https://www.instagram.com/valeyellow46,https://www.facebook.com/ValentinoRossiVR46Official/,https://twitter.com/ValeYellow46,M,43.0,16/02/1979,Caucasian,MotoGP,Heterosexual,Urbino
zkdlin,https://www.instagram.com/zkdlin, ,https://twitter.com/zkdlin_insta,M,28.0,14/01/1994,Asian,"Singing, Acting",Heterosexual,South Korea
Arthur Aguiar,https://www.instagram.com/arthuraguiar,https://www.facebook.com/OficialArthurAguiar,https://twitter.com/Aguiarthur,M,33.0,03/03/1989,Caucasian,"Acting, Singing",Heterosexual,Rio de Janeiro
Thimotee Chalamet,https://www.instagram.com/tchalamet, ,https://mobile.twitter.com/realchalamet,M,26.0,27/12/1995,Caucasian,Acting,Heterosexual,New York
Pedro Alonso,https://www.instagram.com/pedroalonsoochoro,https://www.facebook.com/PedroAlonsoBerlin, ,M,50.0,21/06/1971,Caucasian,Acting,Heterosexual,Spain
Marco Reus,https://www.instagram.com/marcinho11,https://www.facebook.com/MarcoReus11,https://twitter.com/woodyinho,M,32.0,31/05/1989,Caucasian,Football,Heterosexual,Dortmund
Gabriel Medina,https://www.instagram.com/gabrielmedina,https://www.facebook.com/gabrielmedinasurf,https://twitter.com/gabriel1medina,M,28.0,22/12/1993,Caucasian,Surfing,Heterosexual,Sao Paulo
Neil Patrick Harris,https://www.instagram.com/nph,https://www.facebook.com/nph,https://twitter.com/ActuallyNPH,M,48.0,15/06/1973,Caucasian,Acting,Homosexual,East Hampton
Ross Lynch,https://www.instagram.com/ross_lynch,https://www.facebook.com/RossLynchOfficial,https://twitter.com/RossLynch,M,26.0,29/12/1995,Caucasian,"Actor, Singer, Instrumentalist",Heterosexual,Los Angeles
Ayo Makun,https://www.instagram.com/aycomedian,https://www.facebook.com/aycomedian,https://twitter.com/AYCOMEDIAN,M,50.0,19/08/1971,African American,Acting,Heterosexual,Nigeria
Celso Portiolli,https://www.instagram.com/celsoportiolli,https://www.facebook.com/CelsoPortiolli,https://twitter.com/celsoportiolli,M,54.0,01/06/1967,Caucasian,TV presenter,Heterosexual,Brazil
Tommy Mallet,https://www.instagram.com/tommy_mallet, ,https://twitter.com/tommy_mallet,M,29.0,28/05/1992,Caucasian,Reality star,Heterosexual,Essex
Marcus Rashford,https://www.instagram.com/marcusrashford,https://www.facebook.com/MarcusRashford,https://twitter.com/marcusrashford,M,24.0,31/10/1997,African American,Football,Heterosexual,Manchester
Ross Butler,https://www.instagram.com/rossbutler,https://www.facebook.com/rossbutlerofficial/,https://twitter.com/rossbutler,M,31.0,17/05/1990,Asian,Acting,Heterosexual,Los Angeles
Mohammad Reza Golzar,https://www.instagram.com/rezagolzar,https://www.facebook.com/rezagolzar, ,M,44.0,21/03/1977,Caucasian,Music,Heterosexual,Teheran
Christian Figueiredo,https://www.instagram.com/christian_fig,https://www.facebook.com/christian.figueiredo,https://twitter.com/christian_fig,M,27.0,06/06/1994,Caucasian,Acting,Heterosexual,Blumenau
Juan Cuadrado,https://www.instagram.com/cuadrado,https://www.facebook.com/OficialCuadrado,https://twitter.com/cuadrado,M,33.0,26/05/1988,African American,Football,Heterosexual,Turin
Mc Livinho,https://www.instagram.com/mc_livinho,https://www.facebook.com/livinhooficial,https://twitter.com/Mclivinho,M,27.0,11/11/1994,Caucasian,Music,Heterosexual,Sao Paulo
Ruggero Pasquarelli,https://www.instagram.com/ruggeropasquarelli,https://www.facebook.com/ruggeropasquarelliufficiale,https://twitter.com/_ruggero,M,28.0,10/09/1993,Caucasian,Singer,Heterosexual,Citt√† Sant Angelo
Riteish Deshmukh,https://www.instagram.com/riteishd,https://www.facebook.com/Riteishd,https://twitter.com/Riteishd,M,43.0,17/12/1978,Indian,Acting,Heterosexual,Worli
